2022-10-31 00:00:00,SPY,buy,77.67794894941096,386.24861245422363,backtest,,,{'pnl': 0.0}
2022-11-01 00:00:00,SPY,buy,0.23664087422595514,384.5584410125732,backtest,,,{'pnl': 0.0}
2022-11-02 00:00:00,SPY,buy,1.4039800422349202,374.9074821166992,backtest,,,{'pnl': 0.0}
2022-11-03 00:00:00,SPY,buy,0.5776183054684623,371.0471107666016,backtest,,,{'pnl': 0.0}
2022-11-04 00:00:00,SPY,sell,-0.7935649549465182,376.3123711029053,backtest,,,{'pnl': -7.635715133067652}
2022-11-07 00:00:00,SPY,sell,-0.5246687769674878,379.91201720581057,backtest,,,{'pnl': -3.1597629620368965}
2022-11-08 00:00:00,SPY,sell,-0.2951954806684398,381.9618,backtest,,,{'pnl': -1.1726973625704922}
2022-11-09 00:00:00,SPY,buy,1.152690409662938,374.1674178833008,backtest,,,{'pnl': 0.0}
2022-11-10 00:00:00,SPY,sell,-2.896571441300054,394.6505334411621,backtest,,,{'pnl': 25.741459149555563}
2022-11-11 00:00:00,SPY,sell,-0.5136625038413172,398.47015876464843,backtest,,,{'pnl': 6.526851143671986}
2022-11-14 00:00:00,SPY,buy,0.4565764248703488,395.1595071166992,backtest,,,{'pnl': 0.0}
2022-11-15 00:00:00,SPY,sell,-0.45277347500130816,398.45014123535157,backtest,,,{'pnl': 5.718705058988186}
2022-11-16 00:00:00,SPY,buy,0.409111553777862,395.48955720825194,backtest,,,{'pnl': 0.0}
2022-11-17 00:00:00,SPY,buy,0.16421321996958227,394.2794142333984,backtest,,,{'pnl': 0.0}
2022-11-18 00:00:00,SPY,sell,-0.24236834743375368,395.990395779419,backtest,,,{'pnl': 2.4481298715434643}
2022-11-21 00:00:00,SPY,buy,0.19505843091840802,394.6294553375244,backtest,,,{'pnl': 0.0}
2022-11-22 00:00:00,SPY,sell,-0.7115709954293976,399.8600038970947,backtest,,,{'pnl': 9.925137311116996}
2022-11-23 00:00:00,SPY,sell,-0.33248207484074044,402.3797714263916,backtest,,,{'pnl': 5.475305298737043}
2022-11-25 00:00:00,SPY,buy,0.01181765591300632,402.37021957092287,backtest,,,{'pnl': 0.0}
2022-11-28 00:00:00,SPY,buy,0.8572615092746503,395.9495946624756,backtest,,,{'pnl': 0.0}
2022-11-29 00:00:00,SPY,buy,0.09196248685402963,395.26953398742677,backtest,,,{'pnl': 0.0}
2022-11-30 00:00:00,SPY,sell,-1.6347473319393089,407.63922467651366,backtest,,,{'pnl': 35.31234541939989}
2022-12-01 00:00:00,SPY,buy,0.03852715980326593,407.42074288330076,backtest,,,{'pnl': 0.0}
2022-12-02 00:00:00,SPY,buy,0.06053852606919463,406.9506946624756,backtest,,,{'pnl': 0.0}
2022-12-05 00:00:00,SPY,buy,0.960918580828249,399.6299553375244,backtest,,,{'pnl': 0.0}
2022-12-06 00:00:00,SPY,buy,0.7770021515026428,393.86936957092286,backtest,,,{'pnl': 0.0}
2022-12-07 00:00:00,SPY,buy,0.09143893218610799,393.1993196624756,backtest,,,{'pnl': 0.0}
2022-12-08 00:00:00,SPY,sell,-0.4176943515676186,396.20036623535157,backtest,,,{'pnl': 4.125604177700721}
2022-12-09 00:00:00,SPY,buy,0.40222652043318874,393.3193267791748,backtest,,,{'pnl': 0.0}
2022-12-12 00:00:00,SPY,sell,-0.7635721983243826,398.91011720581054,backtest,,,{'pnl': 9.582964999331606}
2022-12-13 00:00:00,SPY,sell,-0.3996426419281107,401.92980422058105,backtest,,,{'pnl': 6.222380939322133}
2022-12-14 00:00:00,SPY,buy,0.34045221369022727,399.439933895874,backtest,,,{'pnl': 0.0}
2022-12-15 00:00:00,SPY,buy,1.332708706518261,389.66896788330075,backtest,,,{'pnl': 0.0}
2022-12-16 00:00:00,SPY,buy,0.8974028831022594,383.30831601257324,backtest,,,{'pnl': 0.0}
2022-12-19 00:00:00,SPY,buy,0.4678653318300974,380.0579910125732,backtest,,,{'pnl': 0.0}
2022-12-20 00:00:00,SPY,sell,-0.07522486653432736,380.50195454406736,backtest,,,{'pnl': -0.4437050233243121}
2022-12-21 00:00:00,SPY,sell,-0.8100523420520318,386.1913879852295,backtest,,,{'pnl': -0.16925953442076458}
2022-12-22 00:00:00,SPY,buy,0.7875472174659706,380.75807322082517,backtest,,,{'pnl': 0.0}
2022-12-23 00:00:00,SPY,sell,-0.3144136146703289,382.8717126617432,backtest,,,{'pnl': -1.0916561650427576}
2022-12-27 00:00:00,SPY,buy,0.2167498300011772,381.43813389587405,backtest,,,{'pnl': 0.0}
2022-12-28 00:00:00,SPY,buy,0.6908827471249026,376.69766966247556,backtest,,,{'pnl': 0.0}
2022-12-29 00:00:00,SPY,sell,-0.9793336522239287,383.4016584411621,backtest,,,{'pnl': -2.785640578022858}
2022-12-30 00:00:00,SPY,buy,0.14443265982988862,382.46823567504885,backtest,,,{'pnl': 0.0}
2023-01-03 00:00:00,SPY,buy,0.23167349175488994,380.85808932495115,backtest,,,{'pnl': 0.0}
2023-01-04 00:00:00,SPY,sell,-0.42107624408737365,383.72163376464846,backtest,,,{'pnl': -1.0533651938489539}
2023-01-05 00:00:00,SPY,buy,0.631134188219491,379.4179428833008,backtest,,,{'pnl': 0.0}
2023-01-06 00:00:00,SPY,sell,-1.2354624919223482,388.0411785736084,backtest,,,{'pnl': 2.3134016899481766}
2023-01-09 00:00:00,SPY,buy,0.03073144334082656,387.89877135009766,backtest,,,{'pnl': 0.0}
2023-01-10 00:00:00,SPY,sell,-0.3779105097445097,390.5409285736084,backtest,,,{'pnl': 1.6520594824373327}
2023-01-11 00:00:00,SPY,sell,-0.6744852515474662,395.48043701477053,backtest,,,{'pnl': 6.280180150293344}
2023-01-12 00:00:00,SPY,sell,-0.19420228619773638,396.9202954559326,backtest,,,{'pnl': 2.0878551006064403}
2023-01-13 00:00:00,SPY,sell,-0.20634571550415615,398.46015,backtest,,,{'pnl': 2.536150641446026}
2023-01-17 00:00:00,SPY,buy,0.0977196260927542,397.8097660125732,backtest,,,{'pnl': 0.0}
2023-01-18 00:00:00,SPY,buy,0.8552772030745928,391.52913923339844,backtest,,,{'pnl': 0.0}
2023-01-19 00:00:00,SPY,buy,0.3953522358408179,388.67887864990234,backtest,,,{'pnl': 0.0}
2023-01-20 00:00:00,SPY,sell,-0.9911102585492557,395.84041688232423,backtest,,,{'pnl': 9.499128744660137}
2023-01-23 00:00:00,SPY,sell,-0.6343325237519082,400.58994188232424,backtest,,,{'pnl': 9.092431031881986}
2023-01-24 00:00:00,SPY,buy,0.056985704370930534,400.24003220825193,backtest,,,{'pnl': 0.0}
2023-01-25 00:00:00,SPY,sell,-0.019894113115441314,400.30997110290525,backtest,,,{'pnl': 0.2793805727795322}
2023-01-26 00:00:00,SPY,sell,-0.5770391312503875,404.709525,backtest,,,{'pnl': 10.642294047147212}
2023-01-27 00:00:00,SPY,sell,-0.12077587526925981,405.63942467651367,backtest,,,{'pnl': 2.3397708252779084}
2023-01-30 00:00:00,SPY,buy,0.668250908364115,400.6300553375244,backtest,,,{'pnl': 0.0}
2023-01-31 00:00:00,SPY,sell,-0.7688800503632791,406.4393629852295,backtest,,,{'pnl': 15.413080167160189}
2023-02-01 00:00:00,SPY,sell,-0.5523462949090288,410.75890779418944,backtest,,,{'pnl': 13.45829790697464}
2023-02-02 00:00:00,SPY,sell,-0.7480630635062084,416.7383207794189,backtest,,,{'pnl': 22.70004977053384}
2023-02-03 00:00:00,SPY,buy,0.5544581686024657,412.391241104126,backtest,,,{'pnl': 0.0}
2023-02-06 00:00:00,SPY,buy,0.3197279950450138,409.87096957092285,backtest,,,{'pnl': 0.0}
2023-02-07 00:00:00,SPY,sell,-0.6742077105018183,415.1484834411621,backtest,,,{'pnl': 19.188918536629757}
2023-02-08 00:00:00,SPY,buy,0.5721306347829085,410.691058895874,backtest,,,{'pnl': 0.0}
2023-02-09 00:00:00,SPY,buy,0.4560543371451331,407.13070533752443,backtest,,,{'pnl': 0.0}
2023-02-10 00:00:00,SPY,sell,-0.12217971096362135,407.99920454406737,backtest,,,{'pnl': 2.566331603948155}
2023-02-13 00:00:00,SPY,sell,-0.6078277934332732,412.7887035736084,backtest,,,{'pnl': 15.678348641337207}
2023-02-14 00:00:00,SPY,buy,0.023903455644884275,412.68127864990237,backtest,,,{'pnl': 0.0}
2023-02-15 00:00:00,SPY,sell,-0.16824410378261234,413.9386129852295,backtest,,,{'pnl': 4.531773350306631}
2023-02-16 00:00:00,SPY,buy,0.7240077791888524,408.3208267791748,backtest,,,{'pnl': 0.0}
2023-02-17 00:00:00,SPY,buy,0.1311305384929824,407.3007357666016,backtest,,,{'pnl': 0.0}
2023-02-21 00:00:00,SPY,buy,1.07389823413466,399.1299053375244,backtest,,,{'pnl': 0.0}
2023-02-22 00:00:00,SPY,buy,0.07339769133933771,398.57986254577634,backtest,,,{'pnl': 0.0}
2023-02-23 00:00:00,SPY,sell,-0.2818211048639796,400.61993766174317,backtest,,,{'pnl': 3.7191561850910406}
2023-02-24 00:00:00,SPY,buy,0.5729610811982013,396.41964288330075,backtest,,,{'pnl': 0.0}
2023-02-27 00:00:00,SPY,sell,-0.1814923139699971,397.6902379852295,backtest,,,{'pnl': 1.8511636442036663}
2023-02-28 00:00:00,SPY,buy,0.19786187582127468,396.29963576660157,backtest,,,{'pnl': 0.0}
2023-03-01 00:00:00,SPY,buy,0.20591520566992472,394.7794642333984,backtest,,,{'pnl': 0.0}
2023-03-02 00:00:00,SPY,sell,-0.41381108266766375,397.7702165588379,backtest,,,{'pnl': 4.236312939951514}
2023-03-03 00:00:00,SPY,sell,-0.8418238415974884,404.1495834411621,backtest,,,{'pnl': 13.988315998927998}
2023-03-06 00:00:00,SPY,sell,-0.03653625015070361,404.42955422058105,backtest,,,{'pnl': 0.6173401991162802}
2023-03-07 00:00:00,SPY,buy,0.8206496437761217,398.30981601257326,backtest,,,{'pnl': 0.0}
2023-03-08 00:00:00,SPY,sell,-0.08685946208218809,398.8801214263916,backtest,,,{'pnl': 0.9755225092525672}
2023-03-09 00:00:00,SPY,buy,1.0005386521815467,391.5991535583496,backtest,,,{'pnl': 0.0}
2023-03-10 00:00:00,SPY,buy,0.7895448304761885,385.94859466247556,backtest,,,{'pnl': 0.0}
2023-03-13 00:00:00,SPY,buy,0.07773877303591803,385.39852135009767,backtest,,,{'pnl': 0.0}
2023-03-14 00:00:00,SPY,sell,-0.8868469128957059,391.6908379852295,backtest,,,{'pnl': 3.556710247793385}
2023-03-15 00:00:00,SPY,buy,0.33930729958345296,389.3189267791748,backtest,,,{'pnl': 0.0}
2023-03-16 00:00:00,SPY,sell,-0.933768017221638,396.0703743530274,backtest,,,{'pnl': 7.8276481114553675}
2023-03-17 00:00:00,SPY,buy,0.8395360691413458,390.0289892333984,backtest,,,{'pnl': 0.0}
2023-03-20 00:00:00,SPY,sell,-0.5151619033332224,393.70061623535156,backtest,,,{'pnl': 3.084615871563316}
2023-03-21 00:00:00,SPY,sell,-0.6963410828814602,398.8701126617432,backtest,,,{'pnl': 7.769188482214641}
2023-03-22 00:00:00,SPY,buy,0.9232723928354574,392.14919635009767,backtest,,,{'pnl': 0.0}
2023-03-23 00:00:00,SPY,sell,-0.1453106553989869,393.1306964263916,backtest,,,{'pnl': 0.7795243324998449}
2023-03-24 00:00:00,SPY,sell,-0.3506382067868117,395.710425,backtest,,,{'pnl': 2.7855629025359776}
2023-03-27 00:00:00,SPY,sell,-0.09993331525740246,396.4503412353516,backtest,,,{'pnl': 0.8678390407236611}
2023-03-28 00:00:00,SPY,buy,0.1202868672431805,395.63956610412595,backtest,,,{'pnl': 0.0}
2023-03-29 00:00:00,SPY,sell,-0.7672431917366254,401.3098711029053,backtest,,,{'pnl': 10.381822430597493}
2023-03-30 00:00:00,SPY,sell,-0.30863948965657073,403.65964220581054,backtest,,,{'pnl': 4.901535588430071}
2023-03-31 00:00:00,SPY,sell,-0.7338651355725432,409.34907564697266,backtest,,,{'pnl': 15.82986480034034}
2023-04-03 00:00:00,SPY,sell,-0.19850548496825127,410.90891720581055,backtest,,,{'pnl': 4.591506943118318}
2023-04-04 00:00:00,SPY,buy,0.29092886484006897,408.7108804290771,backtest,,,{'pnl': 0.0}
2023-04-05 00:00:00,SPY,buy,0.13742051033057123,407.640766104126,backtest,,,{'pnl': 0.0}
2023-04-06 00:00:00,SPY,sell,-0.20379981228641952,409.14908344116213,backtest,,,{'pnl': 4.331323953256286}
2023-04-10 00:00:00,SPY,sell,-0.05363540262382571,409.5690243530274,backtest,,,{'pnl': 1.1624281066705}
2023-04-11 00:00:00,SPY,sell,-0.014036120760636095,409.67902922058107,backtest,,,{'pnl': 0.3057457532101226}
2023-04-12 00:00:00,SPY,buy,0.21387165968438637,408.090792791748,backtest,,,{'pnl': 0.0}
2023-04-13 00:00:00,SPY,sell,-0.6869897850268671,413.42865422058105,backtest,,,{'pnl': 17.500870554581407}
2023-04-14 00:00:00,SPY,buy,0.12713337162774963,412.50123745422366,backtest,,,{'pnl': 0.0}
2023-04-17 00:00:00,SPY,sell,-0.18598010240535245,413.89860844116214,backtest,,,{'pnl': 4.81738182405009}
2023-04-18 00:00:00,SPY,sell,-0.0338250812320382,414.16857045593264,backtest,,,{'pnl': 0.8852915139678869}
2023-04-19 00:00:00,SPY,buy,0.008761936859528419,414.18142864990233,backtest,,,{'pnl': 0.0}
2023-04-20 00:00:00,SPY,buy,0.28459945144719256,411.92119288330076,backtest,,,{'pnl': 0.0}
2023-04-21 00:00:00,SPY,sell,-0.04042996159441259,412.1587922058105,backtest,,,{'pnl': 0.9730775582986776}
2023-04-24 00:00:00,SPY,sell,-0.054229248808979946,412.5887418823242,backtest,,,{'pnl': 1.3285178056001548}
2023-04-25 00:00:00,SPY,buy,0.838758208104025,406.12059457092283,backtest,,,{'pnl': 0.0}
2023-04-26 00:00:00,SPY,buy,0.2236630917661273,404.40042135009764,backtest,,,{'pnl': 0.0}
2023-04-27 00:00:00,SPY,sell,-1.0295426034337254,412.3687626617432,backtest,,,{'pnl': 24.738962276504655}
2023-04-28 00:00:00,SPY,sell,-0.4403014975994921,415.8883996765137,backtest,,,{'pnl': 12.129741655856845}
2023-05-01 00:00:00,SPY,buy,0.05225869098610758,415.55156076660154,backtest,,,{'pnl': 0.0}
2023-05-02 00:00:00,SPY,buy,0.5882603864248637,410.8810803375244,backtest,,,{'pnl': 0.0}
2023-05-03 00:00:00,SPY,buy,0.36050782974687934,408.06079101257325,backtest,,,{'pnl': 0.0}
2023-05-04 00:00:00,SPY,buy,0.3738967243367597,405.17051788330076,backtest,,,{'pnl': 0.0}
2023-05-05 00:00:00,SPY,sell,-0.9574847758623264,412.5887418823242,backtest,,,{'pnl': 22.86077029148671}
2023-05-08 00:00:00,SPY,sell,-0.013887450952211111,412.6987162353516,backtest,,,{'pnl': 0.33310206666420683}
2023-05-09 00:00:00,SPY,buy,0.22903055879086764,410.9710856750488,backtest,,,{'pnl': 0.0}
2023-05-10 00:00:00,SPY,sell,-0.24257456806813593,412.8087211029053,backtest,,,{'pnl': 5.8284411525267386}
2023-05-11 00:00:00,SPY,buy,0.0908173914983621,412.17121788330076,backtest,,,{'pnl': 0.0}
2023-05-12 00:00:00,SPY,buy,0.06828952563348878,411.63115533752443,backtest,,,{'pnl': 0.0}
2023-05-15 00:00:00,SPY,sell,-0.17913114687168274,412.96870876464845,backtest,,,{'pnl': 4.323850134746133}
2023-05-16 00:00:00,SPY,buy,0.34965769056967133,410.291025,backtest,,,{'pnl': 0.0}
2023-05-17 00:00:00,SPY,sell,-0.626292104021374,415.1884879852295,backtest,,,{'pnl': 16.444610258825723}
2023-05-18 00:00:00,SPY,sell,-0.4940724703243262,419.1880879852295,backtest,,,{'pnl': 14.948999242401953}
2023-05-19 00:00:00,SPY,buy,0.0749361475435677,418.6618571166992,backtest,,,{'pnl': 0.0}
2023-05-22 00:00:00,SPY,sell,-0.020904149530380778,418.7481295440674,backtest,,,{'pnl': 0.6226603093563301}
2023-05-23 00:00:00,SPY,buy,0.5842237826215921,414.1314053375244,backtest,,,{'pnl': 0.0}
2023-05-24 00:00:00,SPY,buy,0.37859637264159574,411.1311053375244,backtest,,,{'pnl': 0.0}
2023-05-25 00:00:00,SPY,sell,-0.44771753142553905,414.60852889709474,backtest,,,{'pnl': 11.343722176121942}
2023-05-26 00:00:00,SPY,sell,-0.6627042595304431,419.9779870147705,backtest,,,{'pnl': 20.349157133800283}
2023-05-30 00:00:00,SPY,sell,-0.01958115816597683,420.1379746765137,backtest,,,{'pnl': 0.6043965180866051}
2023-05-31 00:00:00,SPY,buy,0.28636440204553537,417.89179110412596,backtest,,,{'pnl': 0.0}
2023-06-01 00:00:00,SPY,sell,-0.4852324955684537,421.77782532348635,backtest,,,{'pnl': 15.719010685237093}
2023-06-02 00:00:00,SPY,sell,-0.730103282170532,427.8772214263916,backtest,,,{'pnl': 28.104740480763365}
2023-06-05 00:00:00,SPY,buy,0.09732913699765788,427.14271610412595,backtest,,,{'pnl': 0.0}
2023-06-06 00:00:00,SPY,sell,-0.1103195726322781,427.9871957794189,backtest,,,{'pnl': 4.25320615263007}
2023-06-07 00:00:00,SPY,buy,0.17589826000455844,426.59264279174806,backtest,,,{'pnl': 0.0}
2023-06-08 00:00:00,SPY,sell,-0.30554094200061854,429.0870918823242,backtest,,,{'pnl': 12.08822908103081}
2023-06-09 00:00:00,SPY,sell,-0.09064785877352222,429.8570038970947,backtest,,,{'pnl': 3.6561255755559854}
2023-06-12 00:00:00,SPY,sell,-0.4543899218006118,433.75660779418945,backtest,,,{'pnl': 20.098977187580278}
2023-06-13 00:00:00,SPY,sell,-0.32896740566762617,436.61633766174316,backtest,,,{'pnl': 15.491935361827405}
2023-06-14 00:00:00,SPY,sell,-0.05947302282892508,437.13627467651366,backtest,,,{'pnl': 2.831662389152591}
2023-06-15 00:00:00,SPY,sell,-0.6117057086153466,442.5557461029053,backtest,,,{'pnl': 32.439991439654655}
2023-06-16 00:00:00,SPY,buy,0.35383689048941847,439.5039374542236,backtest,,,{'pnl': 0.0}
2023-06-20 00:00:00,SPY,buy,0.2595592991624329,437.22371067504884,backtest,,,{'pnl': 0.0}
2023-06-21 00:00:00,SPY,buy,0.25725639702531566,434.9834964416504,backtest,,,{'pnl': 0.0}
2023-06-22 00:00:00,SPY,sell,-0.1803231224445625,436.4663587646484,backtest,,,{'pnl': 8.359697096437108}
2023-06-23 00:00:00,SPY,buy,0.380927428160291,433.25331245422365,backtest,,,{'pnl': 0.0}
2023-06-26 00:00:00,SPY,buy,0.2062368099481091,431.4831464416504,backtest,,,{'pnl': 0.0}
2023-06-27 00:00:00,SPY,sell,-0.54675998561261,436.1263964263916,backtest,,,{'pnl': 24.972119696337234}
2023-06-28 00:00:00,SPY,sell,-0.025241118299135223,436.34637564697266,backtest,,,{'pnl': 1.1583878496844473}
2023-06-29 00:00:00,SPY,sell,-0.1963641993160934,438.06617435302735,backtest,,,{'pnl': 9.349427371397024}
2023-06-30 00:00:00,SPY,sell,-0.5817621805431088,443.23567077941897,backtest,,,{'pnl': 30.706678750136685}
2023-07-03 00:00:00,SPY,sell,-0.056872389929893075,443.7456295440674,backtest,,,{'pnl': 3.030851552102053}
2023-07-05 00:00:00,SPY,buy,0.07362458454636567,443.1743178833008,backtest,,,{'pnl': 0.0}
2023-07-06 00:00:00,SPY,buy,0.39055345665789787,439.7039696624756,backtest,,,{'pnl': 0.0}
2023-07-07 00:00:00,SPY,buy,0.12593098809514913,438.59384279174805,backtest,,,{'pnl': 0.0}
2023-07-10 00:00:00,SPY,sell,-0.12585109116288606,439.6160376617432,backtest,,,{'pnl': 6.135591396418742}
2023-07-11 00:00:00,SPY,sell,-0.31488416957769516,442.4157454559326,backtest,,,{'pnl': 16.23306440092802}
2023-07-12 00:00:00,SPY,sell,-0.39540401543199266,445.9753870147705,backtest,,,{'pnl': 21.791559872384227}
2023-07-13 00:00:00,SPY,sell,-0.3879108112611789,449.5150415588379,backtest,,,{'pnl': 22.751663650839966}
2023-07-14 00:00:00,SPY,buy,0.030519322026094642,449.3249267791748,backtest,,,{'pnl': 0.0}
2023-07-17 00:00:00,SPY,sell,-0.16958782370177516,450.79491233825684,backtest,,,{'pnl': 10.159358380075062}
2023-07-18 00:00:00,SPY,sell,-0.36062161557632066,454.1445834411621,backtest,,,{'pnl': 22.81142655505401}
2023-07-19 00:00:00,SPY,sell,-0.10793350160324167,455.1544922058105,backtest,,,{'pnl': 6.936428296864927}
2023-07-20 00:00:00,SPY,buy,0.3243459189869924,452.2252106750488,backtest,,,{'pnl': 0.0}
2023-07-21 00:00:00,SPY,sell,-9.730377584560301e-06,452.1347746765137,backtest,,,{'pnl': 0.0005931698496994467}
2023-07-24 00:00:00,SPY,sell,-0.21699433926008282,454.15459220581056,backtest,,,{'pnl': 13.666398412605432}
2023-07-25 00:00:00,SPY,sell,-0.13243238681131686,455.3944584411621,backtest,,,{'pnl': 8.50484809991661}
2023-07-26 00:00:00,SPY,sell,-0.0074650722447273665,455.46445876464844,backtest,,,{'pnl': 0.4799317641244748}
2023-07-27 00:00:00,SPY,buy,0.32397464553744726,452.53523923339844,backtest,,,{'pnl': 0.0}
2023-07-28 00:00:00,SPY,sell,-0.472834861062708,456.8743214263916,backtest,,,{'pnl': 30.93040905386557}
2023-07-31 00:00:00,SPY,sell,-0.09206499997226558,457.74422954406737,backtest,,,{'pnl': 6.102503828718029}
2023-08-01 00:00:00,SPY,buy,0.13881586421008762,456.52565898742677,backtest,,,{'pnl': 0.0}
2023-08-02 00:00:00,SPY,buy,0.683760613948678,450.17501788330077,backtest,,,{'pnl': 0.0}
2023-08-03 00:00:00,SPY,buy,0.14066163993631164,448.8848803375244,backtest,,,{'pnl': 0.0}
2023-08-04 00:00:00,SPY,buy,0.22283095448381118,446.8546785583496,backtest,,,{'pnl': 0.0}
2023-08-07 00:00:00,SPY,sell,-0.4257585392109462,450.66492045593264,backtest,,,{'pnl': 24.785628155789055}
2023-08-08 00:00:00,SPY,buy,0.21358703762703612,448.794875,backtest,,,{'pnl': 0.0}
2023-08-09 00:00:00,SPY,buy,0.3301401695454729,445.794575,backtest,,,{'pnl': 0.0}
2023-08-10 00:00:00,SPY,sell,-0.01769472892488011,445.86541266174316,backtest,,,{'pnl': 0.9377260461141078}
2023-08-11 00:00:00,SPY,buy,0.02874727679883904,445.694558895874,backtest,,,{'pnl': 0.0}
2023-08-14 00:00:00,SPY,sell,-0.27060552736229226,448.0651743530274,backtest,,,{'pnl': 14.930078649659686}
2023-08-15 00:00:00,SPY,buy,0.578735600537712,442.93430364990235,backtest,,,{'pnl': 0.0}
2023-08-16 00:00:00,SPY,buy,0.36597202671288187,439.6839786499023,backtest,,,{'pnl': 0.0}
2023-08-17 00:00:00,SPY,buy,0.38210409544215906,436.33363754577636,backtest,,,{'pnl': 0.0}
2023-08-18 00:00:00,SPY,sell,-0.024081079683782036,436.45635,backtest,,,{'pnl': 1.0279493425228357}
2023-08-21 00:00:00,SPY,sell,-0.32331328709614127,439.29606233825683,backtest,,,{'pnl': 14.719394964837058}
2023-08-22 00:00:00,SPY,buy,0.13521651118810496,438.19380889587404,backtest,,,{'pnl': 0.0}
2023-08-23 00:00:00,SPY,sell,-0.5494789272518119,442.98569577941896,backtest,,,{'pnl': 26.99703460229802}
2023-08-24 00:00:00,SPY,buy,0.69563879427416,436.9337036499023,backtest,,,{'pnl': 0.0}
2023-08-25 00:00:00,SPY,sell,-0.34994681907704717,439.92600422058104,backtest,,,{'pnl': 15.976018577920131}
2023-08-28 00:00:00,SPY,sell,-0.3134502616220942,442.71573376464846,backtest,,,{'pnl': 15.18429349563516}
2023-08-29 00:00:00,SPY,sell,-0.7056368607783554,449.1150876617432,backtest,,,{'pnl': 38.69838679167015}
2023-08-30 00:00:00,SPY,sell,-0.2011296263886777,450.96490876464844,backtest,,,{'pnl': 11.402362063574662}
2023-08-31 00:00:00,SPY,buy,0.0716397645943232,450.395041104126,backtest,,,{'pnl': 0.0}
2023-09-01 00:00:00,SPY,sell,-0.09111041494122674,451.1448834411621,backtest,,,{'pnl': 5.176353792656355}
2023-09-05 00:00:00,SPY,buy,0.21214207567511778,449.2849142333984,backtest,,,{'pnl': 0.0}
2023-09-06 00:00:00,SPY,buy,0.3317714681623727,446.2646232208252,backtest,,,{'pnl': 0.0}
2023-09-07 00:00:00,SPY,buy,0.1516772763063301,444.89449110412596,backtest,,,{'pnl': 0.0}
2023-09-08 00:00:00,SPY,sell,-0.07423384793885646,445.47543701477053,backtest,,,{'pnl': 3.7581768074244626}
2023-09-11 00:00:00,SPY,sell,-0.32216727291154257,448.4051672058105,backtest,,,{'pnl': 17.25396439704918}
2023-09-12 00:00:00,SPY,buy,0.2707253105469647,446.03458923339844,backtest,,,{'pnl': 0.0}
2023-09-13 00:00:00,SPY,sell,-0.05739234787938585,446.46535876464844,backtest,,,{'pnl': 2.951071237169758}
2023-09-14 00:00:00,SPY,sell,-0.4208718080215874,450.3149493530274,backtest,,,{'pnl': 23.261095057843917}
2023-09-15 00:00:00,SPY,buy,0.7715183892999136,443.4143321166992,backtest,,,{'pnl': 0.0}
2023-09-18 00:00:00,SPY,sell,-0.029021828936137695,443.58564188232424,backtest,,,{'pnl': 1.3933837608870208}
2023-09-19 00:00:00,SPY,buy,0.1027785616944783,442.75426245422364,backtest,,,{'pnl': 0.0}
2023-09-20 00:00:00,SPY,buy,0.4595612786058183,438.68387864990234,backtest,,,{'pnl': 0.0}
2023-09-21 00:00:00,SPY,buy,0.8377895784836227,431.43315364990235,backtest,,,{'pnl': 0.0}
2023-09-22 00:00:00,SPY,buy,0.11364154633788814,430.46305542907714,backtest,,,{'pnl': 0.0}
2023-09-25 00:00:00,SPY,sell,-0.21154756463417357,432.1867879852295,backtest,,,{'pnl': 7.573355930352957}
2023-09-26 00:00:00,SPY,buy,0.7510108595629106,425.92259288330075,backtest,,,{'pnl': 0.0}
2023-09-27 00:00:00,SPY,sell,-0.020328178534768426,426.0073827941895,backtest,,,{'pnl': 0.5959264605295342}
2023-09-28 00:00:00,SPY,sell,-0.2932769193290312,428.4771370147705,backtest,,,{'pnl': 9.321820017262562}
2023-09-29 00:00:00,SPY,buy,0.12327424118153374,427.52275898742676,backtest,,,{'pnl': 0.0}
2023-10-02 00:00:00,SPY,buy,0.020192708229842538,427.3527285583496,backtest,,,{'pnl': 0.0}
2023-10-03 00:00:00,SPY,buy,0.6889065552435341,421.6321553375244,backtest,,,{'pnl': 0.0}
2023-10-04 00:00:00,SPY,sell,-0.37058016603563715,424.61753766174314,backtest,,,{'pnl': 10.239297009972173}
2023-10-05 00:00:00,SPY,buy,0.019211332765337374,424.54245,backtest,,,{'pnl': 0.0}
2023-10-06 00:00:00,SPY,sell,-0.5985482705198564,429.4970545440674,backtest,,,{'pnl': 19.45443687215578}
2023-10-09 00:00:00,SPY,sell,-0.3218628832747328,432.2467795440674,backtest,,,{'pnl': 11.346448228367109}
2023-10-10 00:00:00,SPY,sell,-0.260807285560702,434.4965545440674,backtest,,,{'pnl': 9.780847855990253}
2023-10-11 00:00:00,SPY,sell,-0.20474110908995158,436.2763753234863,backtest,,,{'pnl': 8.042645185774465}
2023-10-12 00:00:00,SPY,buy,0.3069417965774903,433.7033696624756,backtest,,,{'pnl': 0.0}
2023-10-13 00:00:00,SPY,buy,0.2515650580115931,431.54314999999997,backtest,,,{'pnl': 0.0}
2023-10-16 00:00:00,SPY,sell,-0.5251074661513968,435.9964045440674,backtest,,,{'pnl': 20.334800880991747}
2023-10-17 00:00:00,SPY,buy,0.002282945915638379,436.0635910125732,backtest,,,{'pnl': 0.0}
2023-10-18 00:00:00,SPY,buy,0.6761515381067795,430.2530124542236,backtest,,,{'pnl': 0.0}
2023-10-19 00:00:00,SPY,buy,0.44798041870292593,426.4726356750488,backtest,,,{'pnl': 0.0}
2023-10-20 00:00:00,SPY,buy,0.6326512731331917,421.2321214416504,backtest,,,{'pnl': 0.0}
2023-10-23 00:00:00,SPY,buy,0.0890428316078129,420.5020374542236,backtest,,,{'pnl': 0.0}
2023-10-24 00:00:00,SPY,sell,-0.3843188958336299,423.58764188232425,backtest,,,{'pnl': 9.837798986269624}
2023-10-25 00:00:00,SPY,buy,0.7439144303164653,417.59174279174806,backtest,,,{'pnl': 0.0}
2023-10-26 00:00:00,SPY,buy,0.6254828961758392,412.591242791748,backtest,,,{'pnl': 0.0}
2023-10-27 00:00:00,SPY,buy,0.23697846515720755,410.7210606750488,backtest,,,{'pnl': 0.0}
2023-10-30 00:00:00,SPY,sell,-0.6168934084807631,415.54843733825686,backtest,,,{'pnl': 10.610827029961925}
2023-10-31 00:00:00,SPY,sell,-0.32319572395277874,418.15819220581056,backtest,,,{'pnl': 6.40256449367374}
2023-11-01 00:00:00,SPY,sell,-0.5440398712479606,422.61773766174315,backtest,,,{'pnl': 13.20369667430156}
2023-11-02 00:00:00,SPY,sell,-0.9623155331372857,430.71693376464845,backtest,,,{'pnl': 31.149113109681778}
2023-11-03 00:00:00,SPY,sell,-0.456609581630147,434.6465334411621,backtest,,,{'pnl': 16.574251220330144}
2023-11-06 00:00:00,SPY,sell,-0.11519198343448522,435.6464334411621,backtest,,,{'pnl': 4.296478774260949}
2023-11-07 00:00:00,SPY,sell,-0.14218927895032607,436.88629967651366,backtest,,,{'pnl': 5.479730879343466}
2023-11-08 00:00:00,SPY,sell,-0.0365988101909096,437.206275,backtest,,,{'pnl': 1.4221660741632023}
2023-11-09 00:00:00,SPY,buy,0.39281471019025105,433.8833803375244,backtest,,,{'pnl': 0.0}
2023-11-10 00:00:00,SPY,sell,-0.7721235717570352,440.56592435302736,backtest,,,{'pnl': 32.44730614484348}
2023-11-13 00:00:00,SPY,buy,0.047405562286684244,440.2340214416504,backtest,,,{'pnl': 0.0}
2023-11-14 00:00:00,SPY,sell,-0.946703229836217,448.6851379852295,backtest,,,{'pnl': 47.44390376342439}
2023-11-15 00:00:00,SPY,sell,-0.10371600999222608,449.6350246765137,backtest,,,{'pnl': 5.296232209580572}
2023-11-16 00:00:00,SPY,sell,-0.05987393543588837,450.1849879852295,backtest,,,{'pnl': 3.0903760631797517}
2023-11-17 00:00:00,SPY,sell,-0.06083109744464821,450.74492954406736,backtest,,,{'pnl': 3.1738415661960295}
2023-11-20 00:00:00,SPY,sell,-0.3737234833734533,454.21458376464847,backtest,,,{'pnl': 20.795585340609538}
2023-11-21 00:00:00,SPY,buy,0.1062762193269009,453.31531601257325,backtest,,,{'pnl': 0.0}
2023-11-22 00:00:00,SPY,sell,-0.18744464366950808,454.9744870147705,backtest,,,{'pnl': 10.557003960649777}
2023-11-24 00:00:00,SPY,sell,-0.029896988669463553,455.2544577941895,backtest,,,{'pnl': 1.6921880846586455}
2023-11-27 00:00:00,SPY,buy,0.0876561922725756,454.52545898742676,backtest,,,{'pnl': 0.0}
2023-11-28 00:00:00,SPY,sell,-0.04811964260564139,454.88449967651366,backtest,,,{'pnl': 2.7024081955267296}
2023-11-29 00:00:00,SPY,buy,0.03421765185690617,454.65544635009763,backtest,,,{'pnl': 0.0}
2023-11-30 00:00:00,SPY,sell,-0.1907538558958919,456.3543538970947,backtest,,,{'pnl': 10.987898563855708}
2023-12-01 00:00:00,SPY,sell,-0.2852559096553904,459.0540961029053,backtest,,,{'pnl': 17.201570326025138}
2023-12-04 00:00:00,SPY,buy,0.2548927509543688,456.73567144165037,backtest,,,{'pnl': 0.0}
2023-12-05 00:00:00,SPY,buy,0.009548131496771362,456.64566610412595,backtest,,,{'pnl': 0.0}
2023-12-06 00:00:00,SPY,buy,0.19618740868688178,454.8054857666016,backtest,,,{'pnl': 0.0}
2023-12-07 00:00:00,SPY,sell,-0.3682293123670348,458.18418798522947,backtest,,,{'pnl': 21.745156474745094}
2023-12-08 00:00:00,SPY,sell,-0.20706182030674825,460.15399220581054,backtest,,,{'pnl': 12.635555278396561}
2023-12-11 00:00:00,SPY,sell,-0.18684574246013597,461.94379123535157,backtest,,,{'pnl': 11.736323758351578}
2023-12-12 00:00:00,SPY,sell,-0.2186549987481925,464.05359610290526,backtest,,,{'pnl': 14.195674913223698}
2023-12-13 00:00:00,SPY,sell,-0.6520997408732683,470.45295,backtest,,,{'pnl': 46.50909890701366}
2023-12-14 00:00:00,SPY,sell,-0.1519214066583885,471.96280876464846,backtest,,,{'pnl': 11.064728028853043}
2023-12-15 00:00:00,SPY,buy,0.2705289857162967,469.37691957092284,backtest,,,{'pnl': 0.0}
2023-12-18 00:00:00,SPY,sell,-0.26607159286719195,471.92280422058104,backtest,,,{'pnl': 19.293450128593815}
2023-12-19 00:00:00,SPY,sell,-0.28637520408885564,474.7925123382568,backtest,,,{'pnl': 21.587523929781668}
2023-12-20 00:00:00,SPY,buy,0.6629493406601625,468.3068357666016,backtest,,,{'pnl': 0.0}
2023-12-21 00:00:00,SPY,sell,-0.44752344391508814,472.65274220581057,backtest,,,{'pnl': 32.477272072757174}
2023-12-22 00:00:00,SPY,sell,-0.09494083108032214,473.60262889709475,backtest,,,{'pnl': 6.980144314901593}
2023-12-26 00:00:00,SPY,sell,-0.1987341426089273,475.60242889709474,backtest,,,{'pnl': 15.008560334096375}
2023-12-27 00:00:00,SPY,sell,-0.0850566810241844,476.46235876464846,backtest,,,{'pnl': 6.496690904644624}
2023-12-28 00:00:00,SPY,sell,-0.017773610797831907,476.6423334411621,backtest,,,{'pnl': 1.3607600663243067}
2023-12-29 00:00:00,SPY,buy,0.13660975042652979,475.3575285583496,backtest,,,{'pnl': 0.0}
2024-01-02 00:00:00,SPY,buy,0.2653366869628684,472.69725889587403,backtest,,,{'pnl': 0.0}
2024-01-03 00:00:00,SPY,buy,0.3897331520005025,468.83688754577634,backtest,,,{'pnl': 0.0}
2024-01-04 00:00:00,SPY,buy,0.1538276342628393,467.3267267791748,backtest,,,{'pnl': 0.0}
2024-01-05 00:00:00,SPY,sell,-0.06526721477349895,467.8732214263916,backtest,,,{'pnl': 4.360709876676556}
2024-01-08 00:00:00,SPY,sell,-0.6709336475093153,474.5525461029053,backtest,,,{'pnl': 49.308591224645994}
2024-01-09 00:00:00,SPY,buy,0.07169233248905016,473.9273928833008,backtest,,,{'pnl': 0.0}
2024-01-10 00:00:00,SPY,sell,-0.2657118984091653,476.5123415588379,backtest,,,{'pnl': 20.028007978289814}
2024-01-11 00:00:00,SPY,buy,0.020738959317796457,476.39764110412597,backtest,,,{'pnl': 0.0}
2024-01-12 00:00:00,SPY,sell,-0.03259042732960893,476.6323246765137,backtest,,,{'pnl': 2.4596541683447533}
2024-01-16 00:00:00,SPY,buy,0.1733835589092365,474.9774856750488,backtest,,,{'pnl': 0.0}
2024-01-17 00:00:00,SPY,buy,0.2636966438587791,472.33723754577636,backtest,,,{'pnl': 0.0}
2024-01-18 00:00:00,SPY,sell,-0.4174633950763109,476.4423412353516,backtest,,,{'pnl': 31.232571922717824}
2024-01-19 00:00:00,SPY,sell,-0.5795490955433706,482.38174967651366,backtest,,,{'pnl': 46.80121103773345}
2024-01-22 00:00:00,SPY,sell,-0.09846970704872149,483.40166720581055,backtest,,,{'pnl': 8.052305249215795}
2024-01-23 00:00:00,SPY,sell,-0.1354974562355693,484.81149935302733,backtest,,,{'pnl': 11.271257410077666}
2024-01-24 00:00:00,SPY,sell,-0.05077921709380462,485.34147564697264,backtest,,,{'pnl': 4.250944046152105}
2024-01-25 00:00:00,SPY,sell,-0.2513434268072814,487.98119577941895,backtest,,,{'pnl': 21.70450263071786}
2024-01-26 00:00:00,SPY,buy,0.05887089124139777,487.45874466247557,backtest,,,{'pnl': 0.0}
2024-01-29 00:00:00,SPY,sell,-0.3640126406547495,491.2208620147705,backtest,,,{'pnl': 32.585424394056886}
2024-01-30 00:00:00,SPY,buy,0.0356525598254791,490.93910364990234,backtest,,,{'pnl': 0.0}
2024-01-31 00:00:00,SPY,buy,0.7646841887858074,482.9282928833008,backtest,,,{'pnl': 0.0}
2024-02-01 00:00:00,SPY,sell,-0.6024904141449099,489.1510922058105,backtest,,,{'pnl': 52.09580446676934}
2024-02-02 00:00:00,SPY,sell,-0.4814437030281482,494.3005711029053,backtest,,,{'pnl': 44.108389278076416}
2024-02-05 00:00:00,SPY,buy,0.167636078336443,492.59924279174805,backtest,,,{'pnl': 0.0}
2024-02-06 00:00:00,SPY,sell,-0.13314901872223572,493.9306129852295,backtest,,,{'pnl': 12.1188977142033}
2024-02-07 00:00:00,SPY,sell,-0.37965716471428834,498.05019610290526,backtest,,,{'pnl': 36.11949491766224}
2024-02-08 00:00:00,SPY,sell,-0.020157985594366323,498.27017532348634,backtest,,,{'pnl': 1.9222073339569965}
2024-02-09 00:00:00,SPY,sell,-0.2621403369829949,501.14989220581054,backtest,,,{'pnl': 25.75183599876994}
2024-02-12 00:00:00,SPY,buy,0.019944984565682944,501.03010898742673,backtest,,,{'pnl': 0.0}
2024-02-13 00:00:00,SPY,buy,0.6347265604195798,494.12939457092284,backtest,,,{'pnl': 0.0}
2024-02-14 00:00:00,SPY,sell,-0.4133335848867006,498.52015032348635,backtest,,,{'pnl': 39.14027821383127}
2024-02-15 00:00:00,SPY,sell,-0.3125183667936682,501.95980876464847,backtest,,,{'pnl': 30.668621871062022}
2024-02-16 00:00:00,SPY,buy,0.22714415820048828,499.55996076660153,backtest,,,{'pnl': 0.0}
2024-02-20 00:00:00,SPY,buy,0.2521255379871121,496.80968576660155,backtest,,,{'pnl': 0.0}
2024-02-21 00:00:00,SPY,sell,-0.04138629192836163,497.1602704559326,backtest,,,{'pnl': 3.834127055207514}
2024-02-22 00:00:00,SPY,sell,-0.9264611382549219,507.44925,backtest,,,{'pnl': 95.36195985358134}
2024-02-23 00:00:00,SPY,sell,-0.03107186528791317,507.7992211029053,backtest,,,{'pnl': 3.209145448230909}
2024-02-26 00:00:00,SPY,buy,0.16550125785532543,506.0405892333984,backtest,,,{'pnl': 0.0}
2024-02-27 00:00:00,SPY,sell,-0.08370508095801199,506.87929967651365,backtest,,,{'pnl': 8.546364352074585}
2024-02-28 00:00:00,SPY,buy,0.05965581593575564,506.31063576660154,backtest,,,{'pnl': 0.0}
2024-02-29 00:00:00,SPY,sell,-0.16162988643043263,508.0291785736084,backtest,,,{'pnl': 16.673224406101212}
2024-03-01 00:00:00,SPY,sell,-0.4186246371138296,512.7986905883789,backtest,,,{'pnl': 45.18061977458556}
2024-03-04 00:00:00,SPY,buy,0.04799222551678639,512.351217791748,backtest,,,{'pnl': 0.0}
2024-03-05 00:00:00,SPY,buy,0.4517395735466181,507.23071067504884,backtest,,,{'pnl': 0.0}
2024-03-06 00:00:00,SPY,sell,-0.2272182178229798,509.699025,backtest,,,{'pnl': 23.637125108369755}
2024-03-07 00:00:00,SPY,sell,-0.4413820985152128,514.7585165588379,backtest,,,{'pnl': 48.149398708764465}
2024-03-08 00:00:00,SPY,buy,0.26928391944594665,511.7711732208252,backtest,,,{'pnl': 0.0}
2024-03-11 00:00:00,SPY,buy,0.03853392642123765,511.3311267791748,backtest,,,{'pnl': 0.0}
2024-03-12 00:00:00,SPY,sell,-0.4769358932697969,516.7283512939454,backtest,,,{'pnl': 52.72417957385009}
2024-03-13 00:00:00,SPY,buy,0.06981598006846923,516.0215677001953,backtest,,,{'pnl': 0.0}
2024-03-14 00:00:00,SPY,buy,0.08819337871258881,515.001507208252,backtest,,,{'pnl': 0.0}
2024-03-15 00:00:00,SPY,buy,0.4477903886528196,509.88096957092284,backtest,,,{'pnl': 0.0}
2024-03-19 00:00:00,SPY,sell,-0.511986549533944,515.658450970459,backtest,,,{'pnl': 55.54273927401301}
2024-03-20 00:00:00,SPY,sell,-0.40824366650754484,520.4279324707031,backtest,,,{'pnl': 46.2353278537854}
2024-03-21 00:00:00,SPY,sell,-0.14579193064383134,522.1477922058106,backtest,,,{'pnl': 16.76229657032938}
2024-03-22 00:00:00,SPY,buy,0.08386686709370395,521.2621429748535,backtest,,,{'pnl': 0.0}
2024-03-25 00:00:00,SPY,buy,0.12249406139696362,519.8219965332031,backtest,,,{'pnl': 0.0}
2024-03-26 00:00:00,SPY,buy,0.08197222289620498,518.8618785583496,backtest,,,{'pnl': 0.0}
2024-03-27 00:00:00,SPY,sell,-63.369093372538956,523.1176659118653,backtest,,,{'pnl': 7314.7424187389215}
2024-03-28 00:00:00,SPY,buy,63.00955771118608,523.1223143249512,backtest,,,{'pnl': 0.0}
2024-04-01 00:00:00,SPY,buy,0.07497672271727396,522.2121891418457,backtest,,,{'pnl': 0.0}
2024-04-02 00:00:00,SPY,buy,0.28256284039412805,518.8919108581543,backtest,,,{'pnl': 0.0}
2024-04-03 00:00:00,SPY,sell,-63.367097274297485,519.3580321472168,backtest,,,{'pnl': -237.26804190131696}
2024-04-04 00:00:00,SPY,buy,64.09891229547827,513.1213143249512,backtest,,,{'pnl': 0.0}
2024-04-05 00:00:00,SPY,sell,-0.4658007483402713,518.3781496765137,backtest,,,{'pnl': 2.4486378406593925}
2024-04-08 00:00:00,SPY,sell,-0.02491476749386834,518.6680987060547,backtest,,,{'pnl': 0.13819684319381462}
2024-04-09 00:00:00,SPY,sell,-63.60819677964413,519.2680753234863,backtest,,,{'pnl': 390.98438315226343}
2024-04-10 00:00:00,SPY,buy,64.19766023444228,514.1714071166992,backtest,,,{'pnl': 0.0}
2024-04-11 00:00:00,SPY,sell,-0.33851587576318565,517.9482,backtest,,,{'pnl': 1.2785043504667373}
2024-04-12 00:00:00,SPY,buy,0.6256425180075595,510.90109110412595,backtest,,,{'pnl': 0.0}
2024-04-15 00:00:00,SPY,buy,0.5726672106724777,504.50045720825193,backtest,,,{'pnl': 0.0}
2024-04-16 00:00:00,SPY,buy,0.0831905657583718,503.5803517791748,backtest,,,{'pnl': 0.0}
2024-04-17 00:00:00,SPY,buy,0.27146665138626247,500.600042791748,backtest,,,{'pnl': 0.0}
2024-04-18 00:00:00,SPY,buy,0.09440663219633905,499.5699410125732,backtest,,,{'pnl': 0.0}
2024-04-19 00:00:00,SPY,buy,0.40375596741763786,495.2095196624756,backtest,,,{'pnl': 0.0}
2024-04-22 00:00:00,SPY,sell,-0.4210187282129283,499.67002922058106,backtest,,,{'pnl': -5.9700335656367}
2024-04-23 00:00:00,SPY,sell,-0.5376285523596351,505.59942889709475,backtest,,,{'pnl': -4.435742983826592}
2024-04-24 00:00:00,SPY,buy,0.02157312604077788,505.46054466247557,backtest,,,{'pnl': 0.0}
2024-04-25 00:00:00,SPY,buy,0.1734379347533519,503.5403392333984,backtest,,,{'pnl': 0.0}
2024-04-26 00:00:00,SPY,sell,-0.4279859313207055,508.20918376464846,backtest,,,{'pnl': -2.4012543165705327}
2024-04-29 00:00:00,SPY,sell,-0.15988604169575638,510.0089915588379,backtest,,,{'pnl': -0.6092911554239431}
2024-04-30 00:00:00,SPY,buy,0.7274021226203615,502.03020898742676,backtest,,,{'pnl': 0.0}
2024-05-01 00:00:00,SPY,buy,0.14885737083301365,500.400041104126,backtest,,,{'pnl': 0.0}
2024-05-02 00:00:00,SPY,sell,-0.4244639764574032,504.9794957794189,backtest,,,{'pnl': -3.683792847126621}
2024-05-03 00:00:00,SPY,sell,-0.557185061238755,511.2388795440674,backtest,,,{'pnl': -1.3480033659949993}
2024-05-06 00:00:00,SPY,sell,-0.4611730575827693,516.5183503234863,backtest,,,{'pnl': 1.319029112109896}
2024-05-07 00:00:00,SPY,sell,-0.049387715603820936,517.0883006469727,backtest,,,{'pnl': 0.1694053538123576}
2024-05-08 00:00:00,SPY,sell,-0.004327652028813134,517.1382834411621,backtest,,,{'pnl': 0.015060635604595266}
2024-05-09 00:00:00,SPY,sell,-0.25640633408117,520.1179659118652,backtest,,,{'pnl': 1.6563275887305096}
2024-05-10 00:00:00,SPY,sell,-0.05735514717876811,520.7879428527832,backtest,,,{'pnl': 0.40892805289275275}
2024-05-13 00:00:00,SPY,sell,-0.005982061762161095,520.8578821472169,backtest,,,{'pnl': 0.04306900608376492}
2024-05-14 00:00:00,SPY,sell,-0.2033917587456031,523.2476577941894,backtest,,,{'pnl': 1.9504188217746286}
2024-05-15 00:00:00,SPY,sell,-63.41535244009696,529.7270512939454,backtest,,,{'pnl': 1019.0125339693404}
2024-05-16 00:00:00,SPY,buy,63.000098659052306,528.7428714416504,backtest,,,{'pnl': 0.0}
2024-05-17 00:00:00,SPY,sell,-63.000098659052306,529.3970672058106,backtest,,,{'pnl': 41.214397684422664}
2024-05-23 00:00:00,SPY,buy,63.35060696856683,526.0126179748535,backtest,,,{'pnl': 0.0}
2024-05-24 00:00:00,SPY,sell,-63.35060696856683,529.3870584411621,backtest,,,{'pnl': 213.7728517199479}
2024-05-29 00:00:00,SPY,buy,63.45565489050529,526.152585583496,backtest,,,{'pnl': 0.0}
2024-05-30 00:00:00,SPY,buy,0.29471348592841196,522.6622463500977,backtest,,,{'pnl': 0.0}
2024-05-31 00:00:00,SPY,sell,-63.750368376433705,527.3172581176758,backtest,,,{'pnl': 75.27695313442722}
2024-06-04 00:00:00,SPY,buy,63.223377899848856,528.4428536499023,backtest,,,{'pnl': 0.0}
2024-06-05 00:00:00,SPY,sell,-0.5216877168900353,534.6165159118652,backtest,,,{'pnl': 3.220723770293613}
2024-06-06 00:00:00,SPY,buy,0.0008060684451578481,534.7134391418457,backtest,,,{'pnl': 0.0}
2024-06-07 00:00:00,SPY,buy,0.05342224860903855,534.0634107666016,backtest,,,{'pnl': 0.0}
2024-06-10 00:00:00,SPY,sell,-0.13531407349557156,535.6064071472168,backtest,,,{'pnl': 0.9686712803759466}
2024-06-12 00:00:00,SPY,sell,-0.4615393231505962,541.3058493530274,backtest,,,{'pnl': 5.934532869795647}
2024-06-13 00:00:00,SPY,sell,-62.15906510336685,542.3957672058106,backtest,,,{'pnl': 866.9976485674057}
2024-06-24 00:00:00,SPY,buy,62.03658962559839,542.7942642333984,backtest,,,{'pnl': 0.0}
2024-06-25 00:00:00,SPY,sell,-62.03658962559839,544.7755340881348,backtest,,,{'pnl': 122.91122491585165}
2024-07-11 00:00:00,SPY,buy,60.57111234559282,556.5356284667969,backtest,,,{'pnl': 0.0}
2024-07-12 00:00:00,SPY,sell,-60.57111234559282,559.9339912353515,backtest,,,{'pnl': 205.84261304520345}
2024-07-17 00:00:00,SPY,buy,60.63196044624605,556.9956964416504,backtest,,,{'pnl': 0.0}
2024-07-18 00:00:00,SPY,buy,0.3268583845000421,552.7152391418457,backtest,,,{'pnl': 0.0}
2024-07-19 00:00:00,SPY,sell,-60.95881883074609,548.9350912353516,backtest,,,{'pnl': -489.96586907899217}
2024-07-22 00:00:00,SPY,buy,60.617277487283545,554.705489416504,backtest,,,{'pnl': 0.0}
2024-07-23 00:00:00,SPY,buy,0.06483995750846816,553.8354072998047,backtest,,,{'pnl': 0.0}
2024-07-24 00:00:00,SPY,buy,0.9849664982978226,541.2841034667969,backtest,,,{'pnl': 0.0}
2024-07-25 00:00:00,SPY,buy,0.2260640648149277,538.4638141418457,backtest,,,{'pnl': 0.0}
2024-07-26 00:00:00,SPY,sell,-0.47986168782107796,544.3855584411621,backtest,,,{'pnl': -4.820742923944512}
2024-07-29 00:00:00,SPY,sell,-61.413286320083685,544.7055337646484,backtest,,,{'pnl': -597.3138454669629}
2024-07-30 00:00:00,SPY,buy,61.698771331584034,542.0542,backtest,,,{'pnl': 0.0}
2024-07-31 00:00:00,SPY,sell,-0.6926153139421132,550.7549165588379,backtest,,,{'pnl': 6.026249530920803}
2024-08-01 00:00:00,SPY,buy,0.6133987211839411,543.0643107666016,backtest,,,{'pnl': 0.0}
2024-08-02 00:00:00,SPY,buy,0.818297888193257,532.9533144165039,backtest,,,{'pnl': 0.0}
2024-08-05 00:00:00,SPY,buy,1.3110529901656207,517.4317428833008,backtest,,,{'pnl': 0.0}
2024-08-06 00:00:00,SPY,sell,-0.40769665201069927,522.0978094116211,backtest,,,{'pnl': -7.886037954277458}
2024-08-07 00:00:00,SPY,buy,0.2983427840616457,518.7118391418456,backtest,,,{'pnl': 0.0}
2024-08-08 00:00:00,SPY,sell,-1.006564890888157,530.5969594116211,backtest,,,{'pnl': -10.80769123853845}
2024-08-09 00:00:00,SPY,sell,-62.63298685834753,532.9366912353515,backtest,,,{'pnl': -525.9586814418692}
2024-08-13 00:00:00,SPY,buy,61.39611018084097,542.0941820251464,backtest,,,{'pnl': 0.0}
2024-08-14 00:00:00,SPY,sell,-61.39611018084097,543.695625,backtest,,,{'pnl': 98.32236933243998}
2024-08-15 00:00:00,SPY,buy,60.22500313357451,553.1253143249512,backtest,,,{'pnl': 0.0}
2024-08-16 00:00:00,SPY,sell,-0.09610894724604435,554.254566558838,backtest,,,{'pnl': 0.10853124337409897}
2024-08-19 00:00:00,SPY,sell,-60.128894186328466,559.5540243530273,backtest,,,{'pnl': 386.551225032778}
2024-08-20 00:00:00,SPY,buy,59.825738537274624,558.7558822082519,backtest,,,{'pnl': 0.0}
2024-08-21 00:00:00,SPY,sell,-59.825738537274624,560.5639331176758,backtest,,,{'pnl': 108.16798096927316}
2024-08-22 00:00:00,SPY,buy,60.150827024544306,556.2755927001953,backtest,,,{'pnl': 0.0}
2024-08-23 00:00:00,SPY,sell,-60.150827024544306,562.0737918823243,backtest,,,{'pnl': 348.7664760580955}
2024-08-26 00:00:00,SPY,buy,59.84721999889547,560.8460570251465,backtest,,,{'pnl': 0.0}
2024-08-27 00:00:00,SPY,sell,-59.84721999889547,561.5038415588378,backtest,,,{'pnl': 39.366575699698274}
2024-08-29 00:00:00,SPY,buy,60.1299053083252,558.4058105834961,backtest,,,{'pnl': 0.0}
2024-08-30 00:00:00,SPY,sell,-60.1299053083252,563.6236246765137,backtest,,,{'pnl': 313.74666732959525}
2024-09-06 00:00:00,SPY,buy,62.3059739317717,540.4140213500976,backtest,,,{'pnl': 0.0}
2024-09-09 00:00:00,SPY,sell,-0.4847556045360619,546.3553321472168,backtest,,,{'pnl': 2.880083707194136}
2024-09-10 00:00:00,SPY,sell,-0.18768984751748263,548.7350990295411,backtest,,,{'pnl': 1.5617818008358637}
2024-09-11 00:00:00,SPY,sell,-0.4381173910692624,554.3645409118652,backtest,,,{'pnl': 6.111965234462321}
2024-09-12 00:00:00,SPY,sell,-0.3578260364991692,559.0341178527832,backtest,,,{'pnl': 6.6627553307880145}
2024-09-13 00:00:00,SPY,sell,-0.22127238946177386,561.9538087646484,backtest,,,{'pnl': 4.7661602297162995}
2024-09-17 00:00:00,SPY,sell,-60.61631266268795,563.0137003234863,backtest,,,{'pnl': 1369.9092067273027}
2024-09-18 00:00:00,SPY,buy,60.71467984450319,561.456164416504,backtest,,,{'pnl': 0.0}
2024-09-19 00:00:00,SPY,sell,-60.71467984450319,570.9228824707031,backtest,,,{'pnl': 574.768755838882}
2024-09-20 00:00:00,SPY,buy,60.28623558952528,568.306825,backtest,,,{'pnl': 0.0}
2024-09-23 00:00:00,SPY,sell,-0.10699445013440823,569.6130159118652,backtest,,,{'pnl': 0.13975517838557847}
2024-09-24 00:00:00,SPY,sell,-60.179241139390875,571.2428577941895,backtest,,,{'pnl': 176.6882255146887}
2024-09-25 00:00:00,SPY,buy,60.18999208913352,570.0969820251465,backtest,,,{'pnl': 0.0}
2024-09-26 00:00:00,SPY,sell,-60.18999208913352,572.2427577941895,backtest,,,{'pnl': 129.15422656375162}
2024-09-27 00:00:00,SPY,buy,60.10717937403068,571.5271177001953,backtest,,,{'pnl': 0.0}
2024-09-30 00:00:00,SPY,sell,-60.10717937403068,573.7026337646485,backtest,,,{'pnl': 130.7641343171724}
2024-10-03 00:00:00,SPY,buy,60.56263751302515,567.8767893249511,backtest,,,{'pnl': 0.0}
2024-10-04 00:00:00,SPY,sell,-60.56263751302515,572.9226824707031,backtest,,,{'pnl': 305.5925975156342}
2024-10-07 00:00:00,SPY,buy,60.72623423170425,567.856767791748,backtest,,,{'pnl': 0.0}
2024-10-08 00:00:00,SPY,sell,-0.40006302563860885,573.1126659118653,backtest,,,{'pnl': 2.102690504382407}
2024-10-10 00:00:00,SPY,sell,-0.21697122640970434,576.0723918823243,backtest,,,{'pnl': 1.7825540346534483}
2024-10-11 00:00:00,SPY,sell,-0.2504709917660861,579.5220590881348,backtest,,,{'pnl': 2.921817080246304}
2024-10-14 00:00:00,SPY,sell,-59.85872898788985,584.2615753234863,backtest,,,{'pnl': 981.9709281408204}
2024-10-15 00:00:00,SPY,buy,59.98307408859574,579.8380072998046,backtest,,,{'pnl': 0.0}
2024-10-17 00:00:00,SPY,sell,-0.18708784971843073,582.291740588379,backtest,,,{'pnl': 0.45906368474190185}
2024-10-18 00:00:00,SPY,sell,-59.79598623887731,584.5315678527832,backtest,,,{'pnl': 280.6560822372404}
2024-10-23 00:00:00,SPY,buy,60.31475213271944,578.0477892333985,backtest,,,{'pnl': 0.0}
2024-10-25 00:00:00,SPY,sell,-0.07836534409450024,578.982074029541,backtest,,,{'pnl': 0.07321554953197533}
2024-10-28 00:00:00,SPY,sell,-0.1299505859098673,580.7719340881348,backtest,,,{'pnl': 0.35400421997635034}
2024-10-29 00:00:00,SPY,sell,-60.106436202715074,581.7118425292969,backtest,,,{'pnl': 220.23318567327095}
2024-10-31 00:00:00,SPY,buy,61.42290415388035,568.6968786499024,backtest,,,{'pnl': 0.0}
2024-11-01 00:00:00,SPY,sell,-61.42290415388035,570.982874029541,backtest,,,{'pnl': 140.41247509975634}
2024-11-04 00:00:00,SPY,buy,61.37071130758122,569.8669785583496,backtest,,,{'pnl': 0.0}
2024-11-05 00:00:00,SPY,sell,-0.5150696254279907,576.6423422058106,backtest,,,{'pnl': 3.489784016036136}
2024-11-06 00:00:00,SPY,sell,-1.033561872490111,590.980874029541,backtest,,,{'pnl': 21.822517338765085}
2024-11-07 00:00:00,SPY,sell,-0.3213335421076593,595.5504243530273,backtest,,,{'pnl': 8.252952610733855}
2024-11-11 00:00:00,SPY,sell,-59.500746267555456,598.7001337646484,backtest,,,{'pnl': 1715.5942520230296}
2024-11-15 00:00:00,SPY,buy,60.59648777147006,585.808575,backtest,,,{'pnl': 0.0}
2024-11-18 00:00:00,SPY,sell,-0.17490089696829614,588.0912094116211,backtest,,,{'pnl': 0.39923480604322487}
2024-11-20 00:00:00,SPY,sell,-0.1683244095716816,590.44095,backtest,,,{'pnl': 0.7797417867896227}
2024-11-21 00:00:00,SPY,sell,-0.22521645749712604,593.6106159118652,backtest,,,{'pnl': 1.7571480154179318}
2024-11-22 00:00:00,SPY,sell,-0.1298404083458422,595.4504587646485,backtest,,,{'pnl': 1.2519061252251036}
2024-11-25 00:00:00,SPY,sell,-0.1417488613508553,597.4702762939453,backtest,,,{'pnl': 1.653032879830538}
2024-11-26 00:00:00,SPY,sell,-59.75645673773626,600.5899594116211,backtest,,,{'pnl': 883.2831581168822}
2024-11-27 00:00:00,SPY,buy,59.71833234487362,598.8899000915527,backtest,,,{'pnl': 0.0}
2024-11-29 00:00:00,SPY,sell,-0.25985918148727905,602.4897327941894,backtest,,,{'pnl': 0.9354495795983171}
2024-12-03 00:00:00,SPY,sell,-0.09373674327576964,603.8495821472168,backtest,,,{'pnl': 0.46490444358122485}
2024-12-04 00:00:00,SPY,sell,-59.364736420110574,607.5992071472168,backtest,,,{'pnl': 517.0257177613094}
2024-12-05 00:00:00,SPY,buy,59.203935301721586,606.7206391418457,backtest,,,{'pnl': 0.0}
2024-12-06 00:00:00,SPY,sell,-59.203935301721586,607.7492165588379,backtest,,,{'pnl': 60.89583084841934}
2024-12-10 00:00:00,SPY,buy,59.61334982937879,602.860267791748,backtest,,,{'pnl': 0.0}
2024-12-11 00:00:00,SPY,sell,-59.61334982937879,607.399275970459,backtest,,,{'pnl': 270.5854824359112}
2024-12-13 00:00:00,SPY,buy,59.608581262176095,604.2704429748535,backtest,,,{'pnl': 0.0}
2024-12-16 00:00:00,SPY,sell,-59.608581262176095,606.729299029541,backtest,,,{'pnl': 146.56892094783618}
2024-12-19 00:00:00,SPY,buy,61.52546386717139,586.1585855834961,backtest,,,{'pnl': 0.0}
2024-12-20 00:00:00,SPY,sell,-0.36974779810648783,591.090909411621,backtest,,,{'pnl': 1.823715874997358}
2024-12-23 00:00:00,SPY,sell,-0.2548377818058256,594.6305334411621,backtest,,,{'pnl': 2.1589723996222223}
2024-12-26 00:00:00,SPY,sell,-60.900878287259076,601.2798928527832,backtest,,,{'pnl': 920.900893551097}
